[null,{"name":"zmiana-w-skladzie","permissions":"ADMINISTRATOR","restriction":"0","actions":[{"info":"1","infoIndex":"1","storage":"1","varName":"tresc_zmiany","name":"Store Command Params"},{"info":"0","find":"628247973549309999","storage":"1","varName":"ogloszenia","name":"Find Channel"},{"condition":"0","comparison":"1","value":"1","iftrue":"1","iftrueVal":"","iffalse":"0","iffalseVal":"","name":"Check Parameters"},{"channel":"5","varName":"ogloszenia","message":"${tempVars(\"tresc_zmiany\")}","storage":"0","varName2":"","name":"Send Message"}]},{"name":"ogloszenie","permissions":"ADMINISTRATOR","restriction":"0","actions":[{"info":"1","infoIndex":"1","storage":"1","varName":"tresc_ogloszenia","name":"Store Command Params"},{"info":"0","find":"629415561604104212","storage":"1","varName":"ogloszenia","name":"Find Channel"},{"condition":"0","comparison":"1","value":"1","iftrue":"1","iftrueVal":"","iffalse":"0","iffalseVal":"","name":"Check Parameters"},{"channel":"5","varName":"ogloszenia","message":"${tempVars(\"tresc_ogloszenia\")}","storage":"0","varName2":"","name":"Send Message"}]},{"name":"postep","permissions":"ADMINISTRATOR","restriction":"0","actions":[{"info":"1","infoIndex":"1","storage":"1","varName":"tresc_postepu","name":"Store Command Params"},{"info":"0","find":"629342657235255301","storage":"1","varName":"postep-kanal","name":"Find Channel"},{"condition":"0","comparison":"1","value":"1","iftrue":"1","iftrueVal":"","iffalse":"0","iffalseVal":"","name":"Check Parameters"},{"channel":"5","varName":"postep-kanal","message":"${tempVars(\"tresc_postepu\")}","storage":"0","varName2":"","name":"Send Message"}]}]