[null,{"name":"Join","temp":"user","event-type":"6","actions":[{"info":"0","find":"629969187665870869","storage":"1","varName":"bot_kanal","name":"Find Channel"},{"channel":"5","varName":"bot_kanal","message":"Gracz ${tempVars(\"user\")} dołączył na serwer, witamy!","storage":"0","varName2":"","name":"Send Message"}]},{"name":"Leave","temp":"user","event-type":"7","actions":[{"info":"0","find":"629969187665870869","storage":"1","varName":"bot_kanal","name":"Find Channel"},{"channel":"5","varName":"bot_kanal","message":"Niestety, ale ${tempVars(\"user\")} opuszcza serwer, żegnamy! :(","storage":"0","varName2":"","name":"Send Message"}]}]